¼ø¹ø,¼ö·ÉÇüÅÂ,µî·ÏÀÏ
1,Email,2020-09-17
2,Email,2020-07-08
3,Email,2020-06-29
4,Email,2020-06-10
5,"Email,ÀÎ¼â¹°",2020-06-10
6,Email,2020-06-06
7,Email,2020-06-02
8,"Email,ÀÎ¼â¹°",2020-05-08
9,Email,2020-05-05
10,Email,2020-04-28
11,Email,2020-04-21
12,Email,2020-04-13
13,Email,2020-03-28
14,Email,2020-01-30
15,"Email,ÀÎ¼â¹°",2020-01-29
16,"Email,ÀÎ¼â¹°",2020-01-10
17,ÀÎ¼â¹°,2020-01-08
18,Email,2020-01-03
19,"Email,ÀÎ¼â¹°",2019-12-23
20,ÀÎ¼â¹°,2019-12-17
21,Email,2019-12-05
22,Email,2019-11-12
23,Email,2019-11-11
24,ÀÎ¼â¹°,2021-06-01
25,"Email,ÀÎ¼â¹°",2021-05-27
26,Email,2021-05-03
27,"Email,ÀÎ¼â¹°",2021-04-08
28,Email,2021-04-08
29,Email,2021-04-07
30,Email,2021-02-16
31,Email,2021-01-18
32,Email,2021-01-08
33,Email,2021-01-05
34,"Email,ÀÎ¼â¹°",2021-01-04
